date,pm25,temp,dewp,visib,fog
2020-01-01,80.0,28.61111111111111,167.99999999999997,0.14731999999999998,False
2020-01-02,76.0,28.944444444444443,186.0,0.15494,False
2020-01-03,91.0,28.61111111111111,182.99999999999997,0.15748,False
2020-01-04,108.0,27.444444444444446,185.49999999999997,0.14731999999999998,False
2020-01-05,110.0,27.333333333333332,180.0,0.14731999999999998,False
2020-01-06,127.0,28.555555555555557,184.0,0.14223999999999998,False
2020-01-07,91.0,29.38888888888889,191.5,0.14731999999999998,False
2020-01-08,92.0,28.61111111111111,199.0,0.15239999999999998,False
2020-01-09,111.0,28.72222222222222,184.0,0.14478,False
2020-01-10,99.0,28.944444444444443,187.5,0.14731999999999998,False
2020-01-11,100.0,27.944444444444443,204.50000000000003,0.13462,False
2020-01-12,107.0,26.999999999999996,202.99999999999997,0.12446,False
2020-01-13,98.0,27.722222222222225,171.0,0.14986,False
2020-01-14,122.0,26.944444444444443,162.5,0.1397,False
2020-01-15,117.0,27.88888888888889,170.49999999999997,0.13208,False
2020-01-16,142.0,28.388888888888886,187.99999999999997,0.11176,False
2020-01-17,122.0,27.944444444444443,188.5,0.12191999999999999,False
2020-01-18,121.0,27.22222222222222,188.5,0.127,False
2020-01-19,111.0,27.83333333333333,184.0,0.1397,False
2020-01-20,89.0,28.944444444444443,176.5,0.15239999999999998,False
2020-01-21,90.0,29.444444444444443,174.0,0.15239999999999998,False
2020-01-22,79.0,29.0,177.5,0.15748,False
2020-01-23,62.0,28.72222222222222,155.0,0.15748,False
2020-01-24,66.0,28.5,169.0,0.15494,False
2020-01-25,53.0,28.166666666666668,195.0,0.15748,False
2020-01-26,50.0,27.88888888888889,196.0,0.15748,False
2020-01-27,52.0,27.22222222222222,197.5,0.15748,False
2020-01-28,58.0,27.11111111111111,193.5,0.15748,False
2020-01-29,62.0,27.61111111111111,194.0,0.15748,False
2020-01-30,70.0,27.444444444444446,192.5,0.15748,False
2020-01-31,78.0,27.11111111111111,178.5,0.14986,False
2020-02-01,103.0,26.888888888888893,161.5,0.15494,False
2020-02-02,110.0,26.444444444444443,171.0,0.13208,False
2020-02-03,100.0,27.277777777777775,160.49999999999997,0.15239999999999998,False
2020-02-04,85.0,27.666666666666668,160.49999999999997,0.15239999999999998,False
2020-02-05,83.0,27.38888888888889,155.0,0.15494,False
2020-02-06,92.0,27.277777777777775,141.0,0.14478,False
2020-02-07,89.0,27.61111111111111,157.5,0.15494,False
2020-02-08,114.0,28.72222222222222,172.99999999999997,0.14986,False
2020-02-09,101.0,28.055555555555557,155.0,0.15748,False
2020-02-10,101.0,28.166666666666668,166.0,0.15494,False
2020-02-11,85.0,29.666666666666668,176.0,0.15748,False
2020-02-12,58.0,29.38888888888889,187.00000000000003,0.15748,False
2020-02-13,59.0,28.77777777777778,197.5,0.15748,False
2020-02-14,62.0,27.77777777777778,202.00000000000003,0.15748,False
2020-02-15,53.0,28.444444444444443,194.0,0.15748,False
2020-02-16,59.0,29.11111111111111,204.50000000000003,0.15748,False
2020-02-17,79.0,28.333333333333332,207.00000000000003,0.13208,False
2020-02-18,84.0,28.055555555555557,172.5,0.15239999999999998,False
2020-02-19,102.0,27.83333333333333,165.0,0.14223999999999998,False
2020-02-20,117.0,28.61111111111111,164.0,0.13716,False
2020-02-21,97.0,28.72222222222222,155.5,0.15748,False
2020-02-22,73.0,28.61111111111111,142.0,0.15748,False
2020-02-23,69.0,27.88888888888889,148.5,0.15748,False
2020-02-24,99.0,28.333333333333332,146.5,0.14731999999999998,False
2020-02-25,100.0,28.88888888888889,168.5,0.14986,False
2020-02-26,89.0,29.055555555555557,174.50000000000003,0.14223999999999998,False
2020-02-27,68.0,28.944444444444443,160.49999999999997,0.15239999999999998,False
2020-02-28,85.0,28.72222222222222,157.5,0.15748,False
2020-02-29,74.0,29.11111111111111,177.5,0.15748,False
2020-03-01,63.0,29.5,184.50000000000003,0.15748,False
2020-03-02,56.0,29.666666666666668,182.5,0.15748,False
2020-03-03,55.0,29.166666666666668,182.00000000000003,0.15494,False
2020-03-04,61.0,28.88888888888889,184.50000000000003,0.15748,False
2020-03-05,57.0,29.055555555555557,186.0,0.15748,False
2020-03-06,62.0,28.61111111111111,184.50000000000003,0.15748,False
2020-03-07,67.0,28.666666666666668,199.50000000000003,0.15494,False
2020-03-08,81.0,29.666666666666668,211.0,0.15748,False
2020-03-09,81.0,29.61111111111111,225.0,0.15748,False
2020-03-10,88.0,29.944444444444443,221.5,0.15239999999999998,False
2020-03-11,75.0,29.0,201.5,0.15239999999999998,False
2020-03-12,59.0,30.22222222222222,187.00000000000003,0.15748,False
2020-03-13,54.0,29.22222222222222,207.99999999999997,0.15748,False
2020-03-14,59.0,28.277777777777782,196.0,0.15748,False
2020-03-15,56.0,30.444444444444443,180.49999999999997,0.15748,False
2020-03-16,85.0,30.333333333333332,173.5,0.15494,False
2020-03-17,80.0,29.944444444444443,185.49999999999997,0.15494,False
2020-03-18,77.0,29.61111111111111,195.49999999999997,0.15748,False
2020-03-19,58.0,29.61111111111111,191.0,0.15748,False
2020-03-20,56.0,29.27777777777778,184.50000000000003,0.15748,False
2020-03-21,60.0,29.5,198.5,0.15748,False
2020-03-22,59.0,29.38888888888889,202.00000000000003,0.15748,False
2020-03-23,52.0,29.22222222222222,198.5,0.15748,False
2020-03-24,55.0,29.38888888888889,194.0,0.15748,False
2020-03-25,60.0,29.72222222222222,204.0,0.15748,False
2020-03-26,55.0,29.72222222222222,200.0,0.15748,False
2020-03-27,53.0,29.444444444444443,206.0,0.15748,False
2020-03-28,55.0,29.38888888888889,205.0,0.15748,False
2020-03-29,46.0,29.944444444444443,197.99999999999997,0.15748,False
2020-03-30,52.0,30.22222222222222,209.50000000000003,0.15748,False
2020-03-31,54.0,30.555555555555557,210.49999999999997,0.15748,False
2020-04-01,50.0,30.444444444444443,212.00000000000003,0.15748,False
2020-04-02,53.0,30.61111111111111,195.49999999999997,0.15748,False
2020-04-03,56.0,31.11111111111111,189.50000000000003,0.15748,False
2020-04-04,54.0,30.833333333333332,197.5,0.15748,False
2020-04-05,54.0,31.27777777777778,187.00000000000003,0.15748,False
2020-04-06,55.0,30.72222222222222,203.5,0.15748,False
2020-04-07,53.0,30.0,207.00000000000003,0.15748,False
2020-04-08,58.0,29.833333333333332,221.0,0.15494,False
2020-04-09,74.0,29.61111111111111,216.5,0.14223999999999998,False
2020-04-10,67.0,29.22222222222222,219.0,0.14478,False
2020-04-11,56.0,29.944444444444443,214.50000000000003,0.15748,False
2020-04-12,62.0,30.055555555555557,218.5,0.15494,False
2020-04-13,87.0,27.5,222.00000000000003,0.11683999999999999,False
2020-04-14,107.0,28.555555555555557,212.00000000000003,0.11683999999999999,False
2020-04-15,89.0,29.27777777777778,206.5,0.127,False
2020-04-16,69.0,30.22222222222222,202.99999999999997,0.15748,False
2020-04-17,64.0,29.944444444444443,212.5,0.15748,False
2020-04-18,65.0,30.22222222222222,213.5,0.15748,False
2020-04-19,61.0,30.72222222222222,217.99999999999997,0.15748,False
2020-04-20,59.0,30.61111111111111,214.50000000000003,0.15748,False
2020-04-21,64.0,30.944444444444443,217.00000000000003,0.15748,False
2020-04-22,55.0,31.11111111111111,222.5,0.15748,False
2020-04-23,57.0,32.0,210.49999999999997,0.15748,False
2020-04-24,86.0,29.72222222222222,210.49999999999997,0.15494,False
2020-04-25,105.0,28.944444444444443,207.99999999999997,0.14986,False
2020-04-26,85.0,28.166666666666668,213.5,0.13716,False
2020-04-27,101.0,29.27777777777778,210.49999999999997,0.13462,False
2020-04-28,86.0,29.833333333333332,202.5,0.15239999999999998,False
2020-04-29,76.0,31.0,190.49999999999997,0.15748,False
2020-04-30,65.0,31.333333333333332,196.0,0.15748,False
2020-05-01,52.0,31.055555555555557,201.0,0.15494,False
2020-05-02,54.0,30.444444444444443,209.50000000000003,0.15748,False
2020-05-03,56.0,31.166666666666668,221.0,0.15494,False
2020-05-04,47.0,31.055555555555557,222.99999999999997,0.15494,False
2020-05-05,52.0,31.38888888888889,221.5,0.15748,False
2020-05-06,42.0,31.666666666666668,218.5,0.15748,False
2020-05-07,37.0,31.555555555555557,224.50000000000003,0.15748,False
2020-05-08,34.0,31.61111111111111,224.50000000000003,0.14731999999999998,False
2020-05-09,34.0,31.944444444444443,222.00000000000003,0.15748,False
2020-05-10,38.0,32.0,219.0,0.15748,False
2020-05-11,38.0,31.77777777777778,215.49999999999997,0.15748,False
2020-05-12,56.0,31.88888888888889,212.00000000000003,0.15748,False
2020-05-13,54.0,32.0,222.99999999999997,0.15748,False
2020-05-14,60.0,31.88888888888889,217.00000000000003,0.15748,False
2020-05-15,51.0,31.38888888888889,223.5,0.15494,False
2020-05-16,56.0,30.88888888888889,228.5,0.14731999999999998,False
2020-05-17,48.0,31.11111111111111,219.50000000000003,0.15748,False
2020-05-18,61.0,31.88888888888889,221.5,0.15748,False
2020-05-19,51.0,30.27777777777778,219.50000000000003,0.15239999999999998,False
2020-05-20,66.0,28.77777777777778,236.5,0.14731999999999998,False
2020-05-21,67.0,31.666666666666668,226.5,0.15748,False
2020-05-22,67.0,30.88888888888889,237.00000000000003,0.15239999999999998,False
2020-05-23,76.0,29.11111111111111,229.50000000000003,0.14223999999999998,False
2020-05-24,77.0,30.055555555555557,226.0,0.14478,False
2020-05-25,74.0,28.444444444444443,230.0,0.12446,False
2020-05-26,89.0,31.555555555555557,224.0,0.14986,False
2020-05-27,80.0,29.88888888888889,224.50000000000003,0.13462,False
2020-05-28,80.0,29.11111111111111,235.49999999999997,0.1397,False
2020-05-29,68.0,29.055555555555557,227.5,0.14478,False
2020-05-30,90.0,28.000000000000004,228.5,0.13462,False
2020-05-31,77.0,29.88888888888889,230.0,0.14986,False
2020-06-01,92.0,29.11111111111111,220.49999999999997,0.13462,False
2020-06-02,76.0,27.944444444444443,222.99999999999997,0.14478,False
2020-06-03,88.0,28.72222222222222,221.0,0.14223999999999998,False
2020-06-04,70.0,27.444444444444446,226.5,0.11683999999999999,False
2020-06-05,81.0,28.666666666666668,222.99999999999997,0.14478,False
2020-06-06,62.0,28.72222222222222,231.0,0.14731999999999998,False
2020-06-07,74.0,30.22222222222222,219.50000000000003,0.15239999999999998,False
2020-06-08,61.0,31.11111111111111,224.50000000000003,0.15748,False
2020-06-09,64.0,29.72222222222222,222.99999999999997,0.15239999999999998,False
2020-06-10,67.0,26.722222222222218,227.00000000000003,0.10668,False
2020-06-11,87.0,28.944444444444443,225.0,0.1397,False
2020-06-12,70.0,30.0,222.99999999999997,0.15748,False
2020-06-13,64.0,28.166666666666668,226.0,0.13208,False
2020-06-14,51.0,26.77777777777778,229.0,0.13208,False
2020-06-15,62.0,27.61111111111111,230.49999999999997,0.12446,False
2020-06-16,65.0,28.000000000000004,227.99999999999997,0.12954,False
2020-06-17,117.0,27.944444444444443,231.5,0.127,False
2020-06-18,86.0,30.27777777777778,220.49999999999997,0.15494,False
2020-06-19,100.0,29.72222222222222,228.5,0.14478,False
2020-06-20,64.0,29.61111111111111,227.5,0.14223999999999998,False
2020-06-21,63.0,27.055555555555557,227.99999999999997,0.14478,False
2020-06-22,67.0,29.27777777777778,222.5,0.15494,False
2020-06-23,62.0,30.444444444444443,220.49999999999997,0.14223999999999998,False
2020-06-24,72.0,28.555555555555557,222.5,0.13462,False
2020-06-25,85.0,26.944444444444443,227.99999999999997,0.11683999999999999,False
2020-06-26,94.0,28.111111111111107,219.50000000000003,0.13716,False
2020-06-27,51.0,29.11111111111111,222.5,0.14223999999999998,False
2020-06-28,45.0,26.833333333333332,221.5,0.13462,False
2020-06-29,59.0,26.055555555555557,221.0,0.12954,False
2020-06-30,108.0,26.944444444444443,226.0,0.10922,False
2020-07-01,101.0,28.277777777777782,223.5,0.14223999999999998,False
2020-07-02,57.0,27.722222222222225,217.00000000000003,0.14223999999999998,False
2020-07-03,52.0,27.444444444444446,222.99999999999997,0.14223999999999998,False
2020-07-04,77.0,28.72222222222222,211.0,0.14986,False
2020-07-05,80.0,28.111111111111107,226.0,0.14478,False
2020-07-06,61.0,28.111111111111107,230.49999999999997,0.1397,False
2020-07-07,52.0,29.61111111111111,225.49999999999997,0.15239999999999998,False
2020-07-08,82.0,26.611111111111114,222.00000000000003,0.10668,False
2020-07-09,104.0,29.77777777777778,221.5,0.14986,False
2020-07-10,55.0,28.77777777777778,226.0,0.15494,False
2020-07-11,68.0,29.27777777777778,221.0,0.14986,False
2020-07-12,47.0,28.277777777777782,219.0,0.15748,False
2020-07-13,54.0,27.5,230.49999999999997,0.13462,False
2020-07-14,67.0,29.27777777777778,219.0,0.13716,False
2020-07-15,57.0,29.61111111111111,227.5,0.15494,False
2020-07-16,53.0,29.38888888888889,230.0,0.14731999999999998,False
2020-07-17,42.0,29.88888888888889,222.5,0.1397,False
2020-07-18,79.0,27.88888888888889,226.0,0.12446,False
2020-07-19,113.0,29.666666666666668,230.0,0.14223999999999998,False
2020-07-20,73.0,27.77777777777778,229.0,0.12446,False
2020-07-21,84.0,28.000000000000004,225.0,0.14478,False
2020-07-22,53.0,30.166666666666668,224.0,0.15239999999999998,False
2020-07-23,73.0,27.277777777777775,219.0,0.1397,False
2020-07-24,78.0,26.833333333333332,224.0,0.127,False
2020-07-25,100.0,29.055555555555557,226.5,0.127,False
2020-07-26,50.0,29.11111111111111,224.50000000000003,0.15239999999999998,False
2020-07-27,64.0,29.77777777777778,225.0,0.14731999999999998,False
2020-07-28,71.0,28.111111111111107,224.0,0.14223999999999998,False
2020-07-29,62.0,28.77777777777778,224.50000000000003,0.14986,False
2020-07-30,63.0,29.555555555555557,227.5,0.15494,False
2020-07-31,57.0,28.277777777777782,229.0,0.1397,False
2020-08-01,39.0,27.16666666666667,222.5,0.15494,False
2020-08-02,37.0,25.555555555555557,220.0,0.13716,False
2020-08-03,46.0,26.666666666666668,228.5,0.15239999999999998,False
2020-08-04,54.0,28.166666666666668,221.5,0.15494,False
2020-08-05,56.0,26.888888888888893,221.5,0.12954,False
2020-08-06,55.0,26.555555555555557,219.50000000000003,0.13208,False
2020-08-07,48.0,27.83333333333333,224.0,0.14731999999999998,False
2020-08-08,52.0,26.999999999999996,227.5,0.13208,False
2020-08-09,54.0,27.055555555555557,223.5,0.14731999999999998,False
2020-08-10,49.0,27.38888888888889,222.5,0.15239999999999998,False
2020-08-11,45.0,30.166666666666668,226.0,0.15748,False
2020-08-12,62.0,27.555555555555554,231.5,0.13716,False
2020-08-13,62.0,26.944444444444443,227.99999999999997,0.14478,False
2020-08-14,74.0,27.38888888888889,218.5,0.13462,False
2020-08-15,79.0,27.83333333333333,224.0,0.14986,False
2020-08-16,82.0,28.77777777777778,217.99999999999997,0.14478,False
2020-08-17,77.0,29.22222222222222,221.0,0.15494,False
2020-08-18,71.0,29.22222222222222,224.50000000000003,0.14223999999999998,False
2020-08-19,63.0,27.277777777777775,221.0,0.14986,False
2020-08-20,84.0,28.833333333333332,219.50000000000003,0.1397,False
2020-08-21,70.0,29.833333333333332,224.0,0.15494,False
2020-08-22,61.0,29.77777777777778,226.0,0.15494,False
2020-08-23,56.0,29.555555555555557,219.0,0.15239999999999998,False
2020-08-24,65.0,28.88888888888889,227.5,0.13716,False
2020-08-25,73.0,30.5,231.5,0.15239999999999998,False
2020-08-26,63.0,30.555555555555557,231.5,0.15748,False
2020-08-27,67.0,30.333333333333332,224.50000000000003,0.15748,False
2020-08-28,60.0,30.38888888888889,227.5,0.15748,False
2020-08-29,58.0,29.88888888888889,228.5,0.15748,False
2020-08-30,55.0,28.944444444444443,225.49999999999997,0.15748,False
2020-08-31,67.0,28.72222222222222,222.99999999999997,0.14478,False
2020-09-01,107.0,27.22222222222222,229.0,0.12446,False
2020-09-02,69.0,28.77777777777778,227.5,0.1397,False
2020-09-03,62.0,29.61111111111111,227.99999999999997,0.14731999999999998,False
2020-09-04,56.0,29.166666666666668,227.5,0.15748,False
2020-09-05,73.0,28.444444444444443,229.0,0.12446,False
2020-09-06,70.0,27.88888888888889,224.0,0.1397,False
2020-09-07,71.0,29.11111111111111,227.5,0.14731999999999998,False
2020-09-08,71.0,29.666666666666668,231.5,0.15239999999999998,False
2020-09-09,76.0,28.61111111111111,232.00000000000003,0.1397,False
2020-09-10,83.0,28.166666666666668,227.00000000000003,0.13462,False
2020-09-11,59.0,28.111111111111107,230.49999999999997,0.127,False
2020-09-12,8.0,28.277777777777782,227.00000000000003,0.13208,False
2020-09-13,7.0,26.611111111111114,224.0,0.12954,False
2020-09-14,39.0,26.22222222222222,225.49999999999997,0.10413999999999998,False
2020-09-15,61.0,27.666666666666668,222.5,0.14478,False
2020-09-16,55.0,28.444444444444443,222.00000000000003,0.14731999999999998,False
2020-09-17,50.0,27.83333333333333,226.0,0.13462,False
2020-09-18,31.0,26.77777777777778,227.99999999999997,0.14986,False
2020-09-19,46.0,25.0,217.99999999999997,0.13462,False
2020-09-20,52.0,27.38888888888889,227.5,0.14223999999999998,False
2020-09-21,82.0,28.111111111111107,232.00000000000003,0.12191999999999999,False
2020-09-22,78.0,27.666666666666668,224.0,0.12446,False
2020-09-23,63.0,27.277777777777775,224.0,0.13208,False
2020-09-24,81.0,27.88888888888889,229.0,0.14731999999999998,False
2020-09-25,83.0,27.722222222222225,224.50000000000003,0.1397,False
2020-09-26,57.0,27.22222222222222,229.50000000000003,0.13462,False
2020-09-27,59.0,26.666666666666668,229.0,0.14223999999999998,False
2020-09-28,38.0,27.277777777777775,225.0,0.15239999999999998,False
2020-09-29,47.0,27.11111111111111,227.5,0.1397,False
2020-09-30,59.0,28.444444444444443,228.5,0.14731999999999998,False
2020-10-01,60.0,28.72222222222222,233.5,0.13716,False
2020-10-02,76.0,27.61111111111111,236.5,0.1016,False
2020-10-03,75.0,28.277777777777782,231.5,0.14223999999999998,False
2020-10-04,45.0,27.944444444444443,224.0,0.14731999999999998,False
2020-10-05,50.0,26.444444444444443,227.00000000000003,0.13208,False
2020-10-06,67.0,27.83333333333333,235.0,0.13716,False
2020-10-07,63.0,25.777777777777782,230.49999999999997,0.127,False
2020-10-08,48.0,27.61111111111111,230.0,0.15494,False
2020-10-09,58.0,26.11111111111111,231.0,0.10922,False
2020-10-10,83.0,26.833333333333332,232.99999999999997,0.11176,False
2020-10-11,50.0,26.333333333333336,232.00000000000003,0.127,False
2020-10-12,46.0,27.11111111111111,226.0,0.1397,False
2020-10-13,58.0,26.77777777777778,225.0,0.1397,False
2020-10-14,49.0,25.777777777777782,229.50000000000003,0.12446,False
2020-10-15,51.0,26.611111111111114,230.49999999999997,0.11938,False
2020-10-16,40.0,25.666666666666668,226.0,0.1397,False
2020-10-17,37.0,26.22222222222222,225.0,0.12446,False
2020-10-18,44.0,26.611111111111114,226.5,0.15494,False
2020-10-19,56.0,28.055555555555557,225.49999999999997,0.14478,False
2020-10-20,63.0,28.5,227.00000000000003,0.15748,False
2020-10-21,56.0,27.77777777777778,230.49999999999997,0.14223999999999998,False
2020-10-22,102.0,29.11111111111111,212.00000000000003,0.14986,False
2020-10-23,70.0,28.22222222222222,210.0,0.1397,False
2020-10-24,85.0,28.111111111111107,209.0,0.15239999999999998,False
2020-10-25,70.0,27.38888888888889,215.0,0.14223999999999998,False
2020-10-26,97.0,28.166666666666668,201.5,0.14986,False
2020-10-27,87.0,27.5,205.0,0.14223999999999998,False
2020-10-28,79.0,27.11111111111111,204.50000000000003,0.1397,False
2020-10-29,58.0,27.11111111111111,211.0,0.15239999999999998,False
2020-10-30,72.0,28.666666666666668,217.99999999999997,0.14223999999999998,False
2020-10-31,78.0,27.22222222222222,222.00000000000003,0.11683999999999999,False
2020-11-01,63.0,28.333333333333332,222.5,0.14986,False
2020-11-02,63.0,27.88888888888889,214.50000000000003,0.14986,False
2020-11-03,102.0,28.833333333333332,209.50000000000003,0.12954,False
2020-11-04,97.0,27.61111111111111,217.99999999999997,0.127,False
2020-11-05,110.0,29.333333333333332,216.0,0.127,False
2020-11-06,87.0,27.277777777777775,214.50000000000003,0.14478,False
2020-11-07,73.0,28.833333333333332,216.5,0.14478,False
2020-11-08,81.0,27.83333333333333,189.50000000000003,0.14731999999999998,False
2020-11-09,93.0,27.444444444444446,194.50000000000003,0.14478,False
2020-11-10,83.0,25.611111111111107,189.0,0.15494,False
2020-11-11,71.0,25.944444444444443,206.5,0.13716,False
2020-11-12,100.0,27.277777777777775,216.5,0.12191999999999999,False
2020-11-13,86.0,27.333333333333332,206.5,0.13208,False
2020-11-14,80.0,28.666666666666668,188.5,0.15239999999999998,False
2020-11-15,90.0,28.277777777777782,207.5,0.14731999999999998,False
2020-11-16,90.0,28.277777777777782,213.5,0.13462,False
2020-11-17,103.0,29.444444444444443,216.5,0.15239999999999998,False
2020-11-18,84.0,28.666666666666668,219.0,0.13716,False
2020-11-19,85.0,28.5,220.49999999999997,0.13462,False
2020-11-20,68.0,28.61111111111111,222.5,0.1397,False
2020-11-21,110.0,27.444444444444446,224.0,0.11683999999999999,False
2020-11-22,92.0,27.944444444444443,218.5,0.14478,False
2020-11-23,95.0,27.555555555555554,222.5,0.1143,False
2020-11-24,95.0,28.166666666666668,199.0,0.14478,False
2020-11-25,90.0,28.5,202.00000000000003,0.14223999999999998,False
2020-11-26,90.0,28.444444444444443,199.0,0.14478,False
2020-11-27,98.0,28.055555555555557,197.5,0.1397,False
2020-11-28,72.0,28.555555555555557,204.50000000000003,0.14986,False
2020-11-29,74.0,26.555555555555557,217.5,0.1397,False
2020-11-30,75.0,27.277777777777775,214.0,0.14223999999999998,False
2020-12-01,82.0,27.666666666666668,212.5,0.14223999999999998,False
2020-12-02,72.0,27.944444444444443,194.0,0.14731999999999998,False
2020-12-03,77.0,27.38888888888889,159.0,0.15494,False
2020-12-04,88.0,26.833333333333332,150.5,0.15748,False
2020-12-05,109.0,27.055555555555557,172.00000000000003,0.14731999999999998,False
2020-12-06,80.0,28.111111111111107,187.00000000000003,0.15494,False
2020-12-07,84.0,27.16666666666667,185.49999999999997,0.15748,False
2020-12-08,90.0,27.77777777777778,176.5,0.15239999999999998,False
2020-12-09,88.0,27.555555555555554,181.0,0.15748,False
2020-12-10,108.0,26.833333333333332,215.49999999999997,0.12191999999999999,False
2020-12-11,118.0,27.722222222222225,226.5,0.10922,False
2020-12-12,92.0,27.38888888888889,228.5,0.11683999999999999,False
2020-12-13,121.0,27.77777777777778,222.00000000000003,0.12191999999999999,False
2020-12-14,66.0,28.22222222222222,224.50000000000003,0.13716,False
2020-12-15,105.0,27.88888888888889,220.0,0.12191999999999999,False
2020-12-16,90.0,28.277777777777782,204.0,0.15239999999999998,False
2020-12-17,77.0,28.444444444444443,198.5,0.15239999999999998,False
2020-12-18,65.0,28.166666666666668,191.0,0.14986,False
2020-12-19,60.0,26.944444444444443,182.00000000000003,0.15494,False
2020-12-20,58.0,25.611111111111107,160.49999999999997,0.15748,False
2020-12-21,54.0,26.611111111111114,151.5,0.15748,False
2020-12-22,58.0,25.11111111111111,170.49999999999997,0.15494,False
2020-12-23,93.0,25.833333333333332,207.99999999999997,0.11176,False
2020-12-24,103.0,27.5,216.5,0.12446,False
2020-12-25,78.0,27.77777777777778,207.00000000000003,0.14478,False
2020-12-26,72.0,28.22222222222222,210.0,0.13208,False
2020-12-27,104.0,27.83333333333333,207.99999999999997,0.14223999999999998,False
2020-12-28,93.0,27.77777777777778,202.99999999999997,0.14986,False
2020-12-29,95.0,28.22222222222222,206.0,0.13208,False
2020-12-30,75.0,26.944444444444443,156.5,0.14478,False
2020-12-31,71.0,26.0,143.0,0.15239999999999998,False
2021-01-01,61.0,25.11111111111111,145.0,0.15748,False
2021-01-02,74.0,26.166666666666664,158.5,0.15494,False
2021-01-03,85.0,27.277777777777775,192.5,0.15494,False
2021-01-04,86.0,27.77777777777778,187.5,0.14731999999999998,False
2021-01-05,78.0,27.61111111111111,194.50000000000003,0.15748,False
2021-01-06,69.0,28.055555555555557,196.0,0.15748,False
2021-01-07,81.0,28.111111111111107,192.5,0.14223999999999998,False
2021-01-08,117.0,27.61111111111111,187.5,0.13208,False
2021-01-09,96.0,26.888888888888893,162.5,0.15239999999999998,False
2021-01-10,97.0,26.055555555555557,171.5,0.14478,False
2021-01-11,98.0,26.27777777777778,156.0,0.15748,False
2021-01-12,70.0,24.444444444444443,131.0,0.15748,False
2021-01-13,109.0,23.666666666666664,148.5,0.14731999999999998,False
2021-01-14,121.0,24.944444444444446,170.0,0.13462,False
2021-01-15,112.0,25.611111111111107,171.5,0.12954,False
2021-01-16,119.0,26.0,179.50000000000003,0.13716,False
2021-01-17,85.0,25.944444444444443,144.5,0.15239999999999998,False
2021-01-18,81.0,25.555555555555557,130.0,0.15494,False
2021-01-19,153.0,24.388888888888893,157.5,0.12191999999999999,False
2021-01-20,158.0,26.77777777777778,181.0,0.11176,False
2021-01-21,125.0,27.22222222222222,194.0,0.127,False
2021-01-22,98.0,26.38888888888889,207.5,0.12191999999999999,False
2021-01-23,94.0,27.055555555555557,197.5,0.1397,False
2021-01-24,85.0,26.833333333333332,197.00000000000003,0.14223999999999998,False
2021-01-25,101.0,27.16666666666667,201.5,0.12954,False
2021-01-26,109.0,27.77777777777778,187.00000000000003,0.13208,False
2021-01-27,114.0,27.38888888888889,192.00000000000003,0.1397,False
2021-01-28,107.0,26.944444444444443,187.00000000000003,0.13716,False
2021-01-29,108.0,26.833333333333332,153.5,0.14478,False
2021-01-30,135.0,26.555555555555557,174.0,0.11683999999999999,False
2021-01-31,120.0,27.22222222222222,182.00000000000003,0.12446,False
2021-02-01,107.0,26.999999999999996,182.5,0.1397,False
2021-02-02,98.0,26.77777777777778,169.0,0.14478,False
2021-02-03,108.0,26.611111111111114,175.49999999999997,0.12191999999999999,False
2021-02-04,115.0,28.000000000000004,177.5,0.13462,False
2021-02-05,116.0,27.5,191.5,0.13462,False
2021-02-06,115.0,27.83333333333333,196.0,0.10668,False
2021-02-07,114.0,27.11111111111111,205.0,0.1143,False
2021-02-08,96.0,26.27777777777778,210.0,0.1143,False
2021-02-09,91.0,28.166666666666668,195.0,0.15494,False
2021-02-10,64.0,28.444444444444443,202.99999999999997,0.15239999999999998,False
2021-02-11,62.0,26.773333333333333,185.0,0.14376399999999998,False
2021-02-12,66.0,26.773333333333333,185.0,0.14376399999999998,False
2021-02-13,68.0,24.111111111111114,185.49999999999997,0.14223999999999998,False
2021-02-14,63.0,24.944444444444446,181.5,0.15239999999999998,False
2021-02-15,68.0,25.11111111111111,184.0,0.15239999999999998,False
2021-02-16,67.0,25.555555555555557,177.5,0.15494,False
2021-02-17,59.0,26.5,165.0,0.15494,False
2021-02-18,94.0,26.38888888888889,149.0,0.15748,False
2021-02-19,84.0,28.833333333333332,142.5,0.15748,False
2021-02-20,88.0,26.773333333333333,185.0,0.14376399999999998,False
2021-02-21,100.0,23.000000000000004,181.5,0.14986,False
2021-02-22,73.0,25.72222222222222,174.0,0.15494,False
2021-02-23,85.0,26.666666666666668,179.0,0.14731999999999998,False
2021-02-24,73.0,26.77777777777778,188.5,0.15748,False
2021-02-25,76.0,27.277777777777775,199.0,0.15494,False
2021-02-26,80.0,28.000000000000004,207.5,0.14478,False
2021-02-27,102.0,28.111111111111107,203.5,0.13716,False
2021-02-28,59.0,28.61111111111111,202.00000000000003,0.15748,False
2021-03-01,51.0,29.055555555555557,201.5,0.15748,False
2021-03-02,60.0,28.72222222222222,202.5,0.15748,False
2021-03-03,66.0,29.055555555555557,191.0,0.15748,False
2021-03-04,68.0,29.27777777777778,181.5,0.15748,False
2021-03-05,56.0,28.61111111111111,166.0,0.15748,False
2021-03-06,64.0,29.11111111111111,181.0,0.15494,False
2021-03-07,63.0,29.055555555555557,185.0,0.15748,False
2021-03-08,87.0,29.166666666666668,182.99999999999997,0.15239999999999998,False
2021-03-09,84.0,29.11111111111111,181.0,0.15494,False
2021-03-10,86.0,29.333333333333332,181.0,0.14986,False
2021-03-11,82.0,29.666666666666668,178.5,0.15239999999999998,False
2021-03-12,74.0,30.055555555555557,167.00000000000003,0.15748,False
2021-03-13,91.0,29.166666666666668,176.0,0.15239999999999998,False
2021-03-14,99.0,28.22222222222222,185.0,0.14986,False
2021-03-15,95.0,28.333333333333332,191.5,0.14731999999999998,False
2021-03-16,79.0,27.944444444444443,200.0,0.15748,False
2021-03-17,70.0,28.055555555555557,197.5,0.15494,False
2021-03-18,60.0,28.666666666666668,207.5,0.15748,False
2021-03-19,58.0,29.61111111111111,212.5,0.15748,False
2021-03-20,48.0,29.11111111111111,213.5,0.15494,False
2021-03-21,59.0,29.444444444444443,211.0,0.14986,False
2021-03-22,78.0,30.38888888888889,191.0,0.15494,False
2021-03-23,98.0,30.27777777777778,185.49999999999997,0.15494,False
2021-03-24,77.0,30.666666666666668,187.99999999999997,0.15748,False
2021-03-25,57.0,30.27777777777778,193.5,0.15494,False
2021-03-26,61.0,29.88888888888889,196.5,0.15748,False
2021-03-27,63.0,29.88888888888889,203.5,0.15748,False
2021-03-28,57.0,29.833333333333332,202.5,0.15748,False
2021-03-29,57.0,29.72222222222222,207.00000000000003,0.15748,False
2021-03-30,74.0,29.77777777777778,215.0,0.15748,False
2021-03-31,76.0,30.166666666666668,218.5,0.15494,False
2021-04-01,73.0,30.61111111111111,208.5,0.15748,False
2021-04-02,73.0,30.38888888888889,213.5,0.14986,False
2021-04-03,67.0,29.72222222222222,216.5,0.15748,False
2021-04-04,56.0,28.88888888888889,217.00000000000003,0.14731999999999998,False
2021-04-05,86.0,29.72222222222222,201.0,0.14731999999999998,False
2021-04-06,80.0,30.444444444444443,185.49999999999997,0.15748,False
2021-04-07,96.0,30.444444444444443,198.5,0.15494,False
2021-04-08,105.0,28.72222222222222,215.49999999999997,0.13462,False
2021-04-09,96.0,28.555555555555557,219.50000000000003,0.13462,False
2021-04-10,101.0,29.5,212.00000000000003,0.12954,False
2021-04-11,70.0,29.61111111111111,205.0,0.15494,False
2021-04-12,71.0,29.38888888888889,209.50000000000003,0.15494,False
2021-04-13,65.0,29.88888888888889,220.0,0.15748,False
2021-04-14,56.0,29.22222222222222,212.99999999999997,0.14223999999999998,False
2021-04-15,85.0,29.38888888888889,222.5,0.14986,False
2021-04-16,66.0,27.944444444444443,210.49999999999997,0.15494,False
2021-04-17,81.0,28.666666666666668,219.0,0.14478,False
2021-04-18,69.0,28.333333333333332,219.0,0.14986,False
2021-04-19,67.0,28.444444444444443,217.99999999999997,0.15748,False
2021-04-20,68.0,30.055555555555557,223.5,0.15748,False
2021-04-21,66.0,29.166666666666668,227.5,0.15748,False
2021-04-22,68.0,27.722222222222225,222.5,0.13716,False
2021-04-23,79.0,28.166666666666668,227.5,0.1397,False
2021-04-24,56.0,29.166666666666668,222.5,0.15748,False
2021-04-25,51.0,29.77777777777778,219.0,0.15748,False
2021-04-26,53.0,30.61111111111111,223.5,0.15748,False
2021-04-27,58.0,29.666666666666668,223.5,0.14478,False
2021-04-28,63.0,30.11111111111111,214.0,0.15748,False
2021-04-29,72.0,30.166666666666668,210.49999999999997,0.15748,False
2021-04-30,63.0,30.61111111111111,217.5,0.15748,False
2021-05-01,54.0,30.555555555555557,219.50000000000003,0.15748,False
2021-05-02,58.0,30.944444444444443,219.50000000000003,0.15748,False
2021-05-03,61.0,30.666666666666668,211.0,0.15748,False
2021-05-04,85.0,31.444444444444443,206.0,0.15494,False
2021-05-05,65.0,31.666666666666668,204.50000000000003,0.15748,False
2021-05-06,61.0,29.444444444444443,213.5,0.15494,False
2021-05-07,84.0,30.166666666666668,217.5,0.14986,False
2021-05-08,104.0,29.27777777777778,230.49999999999997,0.13716,False
2021-05-09,58.0,30.88888888888889,222.00000000000003,0.15748,False
2021-05-10,55.0,30.88888888888889,222.5,0.15748,False
2021-05-11,46.0,31.055555555555557,224.50000000000003,0.15748,False
2021-05-12,55.0,30.88888888888889,226.5,0.15748,False
2021-05-13,53.0,31.333333333333332,226.5,0.15748,False
2021-05-14,42.0,30.61111111111111,232.00000000000003,0.15748,False
2021-05-15,70.0,28.5,233.5,0.12954,False
2021-05-16,84.0,30.88888888888889,232.00000000000003,0.15239999999999998,False
2021-05-17,43.0,28.833333333333332,236.0,0.14478,False
2021-05-18,46.0,29.555555555555557,230.49999999999997,0.15239999999999998,False
2021-05-19,78.0,28.944444444444443,232.99999999999997,0.13716,False
2021-05-20,56.0,31.333333333333332,218.5,0.15239999999999998,False
2021-05-21,68.0,28.000000000000004,233.5,0.12954,False
2021-05-22,60.0,27.944444444444443,231.0,0.13462,False
2021-05-23,57.0,27.11111111111111,232.00000000000003,0.13716,False
2021-05-24,59.0,27.055555555555557,227.5,0.1397,False
2021-05-25,75.0,24.777777777777775,220.0,0.10668,False
2021-05-26,56.0,27.38888888888889,228.5,0.1397,False
2021-05-27,75.0,27.444444444444446,232.99999999999997,0.13462,False
2021-05-28,47.0,29.38888888888889,231.0,0.15748,False
2021-05-29,48.0,29.27777777777778,232.00000000000003,0.15239999999999998,False
2021-05-30,53.0,30.77777777777778,230.49999999999997,0.15748,False
2021-05-31,60.0,30.88888888888889,237.5,0.15748,False
2021-06-01,68.0,29.833333333333332,239.50000000000003,0.15239999999999998,False
2021-06-02,75.0,28.444444444444443,237.00000000000003,0.13208,False
2021-06-03,67.0,30.444444444444443,234.50000000000003,0.14986,False
2021-06-04,67.0,31.0,232.99999999999997,0.15494,False
2021-06-05,61.0,29.88888888888889,230.49999999999997,0.15239999999999998,False
2021-06-06,56.0,28.77777777777778,236.5,0.15748,False
2021-06-07,43.0,28.055555555555557,226.5,0.15239999999999998,False
2021-06-08,53.0,26.11111111111111,224.0,0.14223999999999998,False
2021-06-09,85.0,28.277777777777782,226.0,0.14223999999999998,False
2021-06-10,54.0,28.000000000000004,226.5,0.15494,False
2021-06-11,43.0,28.111111111111107,222.5,0.14478,False
2021-06-12,42.0,28.22222222222222,218.5,0.15748,False
2021-06-13,51.0,29.11111111111111,227.00000000000003,0.15748,False
2021-06-14,50.0,28.833333333333332,222.5,0.15748,False
2021-06-15,55.0,27.444444444444446,234.50000000000003,0.14478,False
2021-06-16,62.0,29.333333333333332,232.00000000000003,0.15494,False
2021-06-17,84.0,29.27777777777778,226.5,0.15239999999999998,False
2021-06-18,77.0,30.166666666666668,229.0,0.15748,False
2021-06-19,72.0,29.72222222222222,233.5,0.15748,False
2021-06-20,54.0,29.27777777777778,221.0,0.15494,False
2021-06-21,55.0,28.88888888888889,233.5,0.15748,False
2021-06-22,56.0,28.000000000000004,231.5,0.15748,False
2021-06-23,57.0,28.111111111111107,230.0,0.15494,False
2021-06-24,73.0,29.72222222222222,230.49999999999997,0.15748,False
2021-06-25,59.0,29.166666666666668,234.0,0.15748,False
2021-06-26,54.0,29.77777777777778,233.5,0.15748,False
2021-06-27,50.0,30.555555555555557,222.5,0.15748,False
2021-06-28,54.0,30.38888888888889,227.00000000000003,0.15748,False
2021-06-29,62.0,30.444444444444443,230.49999999999997,0.15748,False
2021-06-30,63.0,29.38888888888889,233.5,0.15748,False
2021-07-01,52.0,30.27777777777778,224.0,0.15748,False
2021-07-02,51.0,30.944444444444443,228.5,0.15748,False
2021-07-03,67.0,30.72222222222222,228.5,0.15748,False
2021-07-04,61.0,28.833333333333332,237.99999999999997,0.15494,False
2021-07-05,53.0,27.11111111111111,232.00000000000003,0.13462,False
2021-07-06,57.0,27.61111111111111,231.5,0.14986,False
2021-07-07,36.0,27.666666666666668,224.50000000000003,0.15239999999999998,False
2021-07-08,48.0,27.333333333333332,227.00000000000003,0.15748,False
2021-07-09,39.0,28.111111111111107,220.0,0.15748,False
2021-07-10,31.0,29.72222222222222,220.49999999999997,0.15748,False
2021-07-11,38.0,30.11111111111111,221.0,0.15748,False
2021-07-12,54.0,29.333333333333332,222.00000000000003,0.15494,False
2021-07-13,82.0,29.055555555555557,221.5,0.1397,False
2021-07-14,64.0,28.000000000000004,225.0,0.14478,False
2021-07-15,56.0,26.833333333333332,222.5,0.13462,False
2021-07-16,40.0,29.22222222222222,217.5,0.15748,False
2021-07-17,49.0,29.61111111111111,224.0,0.15748,False
2021-07-18,43.0,27.722222222222225,217.99999999999997,0.15239999999999998,False
2021-07-19,48.0,26.38888888888889,210.0,0.14731999999999998,False
2021-07-20,48.0,27.555555555555554,222.00000000000003,0.15494,False
2021-07-21,43.0,27.61111111111111,220.0,0.14986,False
2021-07-22,44.0,27.22222222222222,227.5,0.14478,False
2021-07-23,52.0,27.16666666666667,232.5,0.14478,False
2021-07-24,49.0,29.0,230.49999999999997,0.15239999999999998,False
2021-07-25,36.0,27.444444444444446,223.5,0.15239999999999998,False
2021-07-26,38.0,29.0,228.5,0.15748,False
2021-07-27,34.0,27.333333333333332,226.0,0.15494,False
2021-07-28,43.0,27.61111111111111,230.0,0.14986,False
2021-07-29,36.0,26.38888888888889,227.5,0.1397,False
2021-07-30,31.0,28.72222222222222,229.0,0.15748,False
2021-07-31,41.0,29.61111111111111,232.00000000000003,0.15748,False
2021-08-01,40.0,28.77777777777778,231.0,0.15748,False
2021-08-02,42.0,28.833333333333332,232.00000000000003,0.15748,False
2021-08-03,45.0,29.38888888888889,230.49999999999997,0.15748,False
2021-08-04,42.0,28.77777777777778,230.0,0.14986,False
2021-08-05,36.0,28.88888888888889,233.5,0.15748,False
2021-08-06,47.0,29.444444444444443,229.0,0.15748,False
2021-08-07,49.0,29.833333333333332,230.49999999999997,0.14223999999999998,False
2021-08-08,35.0,30.166666666666668,233.5,0.15748,False
2021-08-09,42.0,30.27777777777778,230.49999999999997,0.15748,False
2021-08-10,45.0,28.72222222222222,232.00000000000003,0.14478,False
2021-08-11,42.0,27.722222222222225,226.0,0.14986,False
2021-08-12,50.0,28.166666666666668,226.0,0.14223999999999998,False
2021-08-13,49.0,28.22222222222222,224.0,0.15748,False
2021-08-14,46.0,29.22222222222222,226.5,0.15748,False
2021-08-15,60.0,28.277777777777782,224.50000000000003,0.14986,False
2021-08-16,82.0,28.61111111111111,215.0,0.14731999999999998,False
2021-08-17,71.0,27.5,220.0,0.13716,False
2021-08-18,47.0,27.88888888888889,217.00000000000003,0.14223999999999998,False
2021-08-19,54.0,28.61111111111111,214.50000000000003,0.1397,False
2021-08-20,69.0,27.61111111111111,222.99999999999997,0.127,False
2021-08-21,73.0,28.111111111111107,222.00000000000003,0.14223999999999998,False
2021-08-22,38.0,29.166666666666668,229.0,0.15494,False
2021-08-23,53.0,27.61111111111111,226.5,0.14478,False
2021-08-24,42.0,26.999999999999996,226.0,0.1397,False
2021-08-25,27.0,27.444444444444446,222.99999999999997,0.15239999999999998,False
2021-08-26,34.0,26.666666666666668,225.49999999999997,0.15239999999999998,False
2021-08-27,49.0,28.944444444444443,222.5,0.14986,False
2021-08-28,59.0,25.72222222222222,220.0,0.127,False
2021-08-29,56.0,27.77777777777778,224.0,0.14731999999999998,False
2021-08-30,47.0,27.277777777777775,221.0,0.13462,False
2021-08-31,48.0,27.722222222222225,227.00000000000003,0.14731999999999998,False
2021-09-01,39.0,28.388888888888886,222.00000000000003,0.15748,False
2021-09-02,39.0,27.88888888888889,222.99999999999997,0.15748,False
2021-09-03,31.0,27.61111111111111,225.0,0.15239999999999998,False
2021-09-04,36.0,26.888888888888893,222.5,0.15494,False
2021-09-05,38.0,26.833333333333332,217.99999999999997,0.15494,False
2021-09-06,44.0,27.944444444444443,217.99999999999997,0.15494,False
2021-09-07,41.0,28.166666666666668,227.5,0.15239999999999998,False
2021-09-08,33.0,27.83333333333333,222.5,0.15748,False
2021-09-09,30.0,26.944444444444443,224.50000000000003,0.14986,False
2021-09-10,33.0,27.444444444444446,228.5,0.14731999999999998,False
2021-09-11,34.0,28.000000000000004,222.99999999999997,0.15748,False
2021-09-12,33.0,27.38888888888889,226.0,0.15494,False
2021-09-13,38.0,26.944444444444443,227.99999999999997,0.14478,False
2021-09-14,40.0,26.611111111111114,229.50000000000003,0.14478,False
2021-09-15,31.0,27.88888888888889,223.5,0.15494,False
2021-09-16,44.0,27.666666666666668,227.00000000000003,0.14223999999999998,False
2021-09-17,59.0,27.555555555555554,220.49999999999997,0.14478,False
2021-09-18,59.0,27.77777777777778,221.0,0.14223999999999998,False
2021-09-19,48.0,26.555555555555557,219.50000000000003,0.14986,False
2021-09-20,39.0,27.444444444444446,217.99999999999997,0.15748,False
2021-09-21,38.0,27.055555555555557,221.0,0.15239999999999998,False
2021-09-22,44.0,27.444444444444446,223.5,0.15239999999999998,False
2021-09-23,50.0,28.111111111111107,219.0,0.15748,False
2021-09-24,42.0,26.999999999999996,227.5,0.15239999999999998,False
2021-09-25,42.0,26.77777777777778,224.0,0.14223999999999998,False
2021-09-26,58.0,26.333333333333336,225.49999999999997,0.14478,False
2021-09-27,56.0,29.5,225.49999999999997,0.15494,False
2021-09-28,68.0,28.77777777777778,222.00000000000003,0.13716,False
2021-09-29,61.0,28.61111111111111,227.5,0.14223999999999998,False
2021-09-30,47.0,27.722222222222225,225.0,0.14731999999999998,False
2021-10-01,67.0,27.277777777777775,224.0,0.1397,False
2021-10-02,56.0,25.777777777777782,220.49999999999997,0.14478,False
2021-10-03,61.0,27.61111111111111,223.5,0.15494,False
2021-10-04,81.0,27.77777777777778,224.0,0.1397,False
2021-10-05,74.0,27.38888888888889,222.99999999999997,0.127,False
2021-10-06,64.0,26.77777777777778,231.5,0.11683999999999999,False
2021-10-07,67.0,26.77777777777778,225.49999999999997,0.13716,False
2021-10-08,47.0,28.22222222222222,228.5,0.15494,False
2021-10-09,64.77272727272727,27.11111111111111,231.5,0.14986,False
2021-10-10,64.77272727272727,28.388888888888886,233.5,0.15494,False
2021-10-11,64.77272727272727,26.38888888888889,227.00000000000003,0.127,False
2021-10-12,32.0,27.722222222222225,227.5,0.14731999999999998,False
2021-10-13,35.0,28.555555555555557,227.5,0.15748,False
2021-10-14,64.77272727272727,28.77777777777778,232.00000000000003,0.15748,False
2021-10-15,64.77272727272727,27.77777777777778,224.0,0.1397,False
2021-10-16,64.77272727272727,26.22222222222222,221.0,0.13716,False
2021-10-17,64.77272727272727,26.722222222222218,216.5,0.15748,False
2021-10-18,64.77272727272727,28.77777777777778,218.5,0.15748,False
2021-10-19,64.77272727272727,29.11111111111111,226.0,0.15748,False
2021-10-20,72.0,26.77777777777778,225.49999999999997,0.10668,False
2021-10-21,70.0,27.83333333333333,218.5,0.1397,False
2021-10-22,69.0,27.61111111111111,224.0,0.12954,False
2021-10-23,78.0,27.61111111111111,219.0,0.11683999999999999,False
2021-10-24,75.0,27.333333333333332,222.5,0.12954,False
2021-10-25,72.0,27.277777777777775,211.5,0.15748,False
2021-10-26,71.0,28.111111111111107,206.0,0.1397,False
2021-10-27,82.0,26.055555555555557,202.99999999999997,0.15239999999999998,False
2021-10-28,59.0,29.055555555555557,212.5,0.15748,False
2021-10-29,53.0,28.77777777777778,217.99999999999997,0.14731999999999998,False
2021-10-30,76.0,28.61111111111111,214.50000000000003,0.14223999999999998,False
2021-10-31,64.0,28.055555555555557,221.0,0.14731999999999998,False
2021-11-01,85.0,28.88888888888889,222.00000000000003,0.14478,False
2021-11-02,52.0,29.333333333333332,207.5,0.15239999999999998,False
2021-11-03,11.0,29.5,207.5,0.14478,False
2021-11-04,14.0,29.333333333333332,202.99999999999997,0.15748,False
2021-11-05,50.0,28.77777777777778,214.0,0.14731999999999998,False
2021-11-06,64.0,29.5,214.0,0.15494,False
2021-11-07,74.0,29.22222222222222,219.50000000000003,0.15239999999999998,False
2021-11-08,55.0,29.61111111111111,210.49999999999997,0.15494,False
2021-11-09,108.0,28.111111111111107,217.00000000000003,0.12954,False
2021-11-10,71.0,28.555555555555557,206.5,0.15494,False
2021-11-11,79.0,26.611111111111114,219.50000000000003,0.13716,False
2021-11-12,59.0,28.055555555555557,217.5,0.13208,False
2021-11-13,76.0,28.666666666666668,213.5,0.14986,False
2021-11-14,77.0,26.666666666666668,217.00000000000003,0.13462,False
2021-11-15,77.0,27.88888888888889,215.0,0.1397,False
2021-11-16,81.0,27.666666666666668,217.99999999999997,0.14223999999999998,False
2021-11-17,99.0,27.944444444444443,224.50000000000003,0.10668,False
2021-11-18,96.0,27.77777777777778,222.00000000000003,0.127,False
2021-11-19,100.0,28.61111111111111,221.0,0.14731999999999998,False
2021-11-20,103.0,26.77777777777778,225.49999999999997,0.10922,False
2021-11-21,99.0,29.333333333333332,215.0,0.14223999999999998,False
2021-11-22,66.0,28.111111111111107,221.0,0.14986,False
2021-11-23,105.0,27.444444444444446,217.00000000000003,0.13462,False
2021-11-24,97.0,28.88888888888889,204.0,0.14731999999999998,False
2021-11-25,89.0,27.77777777777778,192.99999999999997,0.15748,False
2021-11-26,85.0,27.88888888888889,183.5,0.15748,False
2021-11-27,71.0,25.611111111111107,192.99999999999997,0.15494,False
2021-11-28,72.0,27.22222222222222,214.0,0.14986,False
2021-11-29,75.0,26.888888888888893,220.0,0.13716,False
2021-11-30,57.0,25.72222222222222,217.99999999999997,0.14986,False
2021-12-01,86.0,26.555555555555557,182.00000000000003,0.15239999999999998,False
2021-12-02,109.0,26.27777777777778,169.0,0.14478,False
2021-12-03,90.0,26.11111111111111,160.49999999999997,0.15748,False
2021-12-04,106.0,23.833333333333336,142.5,0.14478,False
2021-12-05,100.0,25.72222222222222,171.5,0.15239999999999998,False
2021-12-06,95.0,26.722222222222218,181.5,0.15494,False
2021-12-07,103.0,26.22222222222222,181.0,0.14223999999999998,False
2021-12-08,123.0,28.111111111111107,182.99999999999997,0.14223999999999998,False
2021-12-09,113.0,26.77777777777778,191.0,0.127,False
2021-12-10,86.0,27.11111111111111,177.00000000000003,0.13208,False
2021-12-11,117.0,26.666666666666668,184.0,0.14478,False
2021-12-12,126.0,27.722222222222225,197.5,0.14223999999999998,False
2021-12-13,80.0,27.61111111111111,170.0,0.15748,False
2021-12-14,80.0,27.666666666666668,191.5,0.15748,False
2021-12-15,101.0,28.88888888888889,197.00000000000003,0.14731999999999998,False
2021-12-16,85.0,28.833333333333332,213.5,0.1397,False
2021-12-17,98.0,27.666666666666668,202.00000000000003,0.13716,False
2021-12-18,89.0,28.111111111111107,156.5,0.14986,False
2021-12-19,74.0,26.11111111111111,161.0,0.15748,False
2021-12-20,100.0,26.722222222222218,186.5,0.15239999999999998,False
2021-12-21,82.0,27.83333333333333,202.99999999999997,0.14478,False
2021-12-22,85.0,26.611111111111114,212.5,0.13716,False
2021-12-23,77.0,27.22222222222222,202.5,0.127,False
2021-12-24,95.0,26.055555555555557,202.5,0.1397,False
2021-12-25,98.0,27.555555555555554,196.0,0.14223999999999998,False
2021-12-26,101.0,28.000000000000004,207.5,0.14731999999999998,False
2021-12-27,103.0,27.277777777777775,210.49999999999997,0.12191999999999999,False
2021-12-28,84.0,26.833333333333332,212.99999999999997,0.12954,False
2021-12-29,94.0,27.555555555555554,193.5,0.15494,False
2021-12-30,53.0,27.88888888888889,166.0,0.15748,False
2021-12-31,65.0,27.38888888888889,155.5,0.15748,False
2022-01-01,70.0,27.88888888888889,172.00000000000003,0.15748,False
2022-01-02,77.0,28.000000000000004,180.0,0.15748,False
2022-01-03,90.0,27.333333333333332,191.5,0.15239999999999998,False
2022-01-04,121.0,27.22222222222222,197.5,0.13716,False
2022-01-05,96.0,27.88888888888889,197.00000000000003,0.15239999999999998,False
2022-01-06,121.0,27.5,207.5,0.12954,False
2022-01-07,108.0,28.000000000000004,192.5,0.1397,False
2022-01-08,108.0,27.61111111111111,190.49999999999997,0.14478,False
2022-01-09,76.0,28.000000000000004,193.5,0.15239999999999998,False
2022-01-10,82.0,27.944444444444443,194.50000000000003,0.14986,False
2022-01-11,78.0,27.38888888888889,176.0,0.15494,False
2022-01-12,87.0,26.722222222222218,167.00000000000003,0.15748,False
2022-01-13,113.0,26.166666666666664,171.0,0.13716,False
2022-01-14,107.0,26.833333333333332,165.0,0.14731999999999998,False
2022-01-15,118.0,27.11111111111111,167.99999999999997,0.14223999999999998,False
2022-01-16,87.0,28.166666666666668,167.5,0.15494,False
2022-01-17,100.0,27.38888888888889,179.0,0.13716,False
2022-01-18,109.0,27.5,186.0,0.14478,False
2022-01-19,106.0,26.999999999999996,180.49999999999997,0.14986,False
2022-01-20,125.0,26.944444444444443,178.5,0.14478,False
2022-01-21,88.0,27.61111111111111,177.5,0.14223999999999998,False
2022-01-22,70.0,27.444444444444446,188.5,0.15239999999999998,False
2022-01-23,53.0,27.88888888888889,195.0,0.15494,False
2022-01-24,85.0,28.055555555555557,201.0,0.14986,False
2022-01-25,81.0,27.61111111111111,202.5,0.14986,False
2022-01-26,102.0,27.16666666666667,203.5,0.127,False
2022-01-27,101.0,27.722222222222225,194.50000000000003,0.127,False
2022-01-28,102.0,28.277777777777782,197.00000000000003,0.13462,False
2022-01-29,93.0,27.83333333333333,207.00000000000003,0.15239999999999998,False
2022-01-30,71.0,27.61111111111111,199.50000000000003,0.15494,False
2022-01-31,53.0,28.555555555555557,180.49999999999997,0.15748,False
2022-02-01,62.0,29.055555555555557,173.5,0.15748,False
2022-02-02,52.0,29.22222222222222,175.49999999999997,0.15748,False
2022-02-03,58.0,28.88888888888889,186.0,0.15494,False
2022-02-04,63.0,28.72222222222222,187.99999999999997,0.15748,False
2022-02-05,57.0,28.77777777777778,171.5,0.15748,False
2022-02-06,55.0,28.833333333333332,174.50000000000003,0.15748,False
2022-02-07,62.0,29.555555555555557,177.99999999999997,0.15748,False
2022-02-08,72.0,28.555555555555557,188.5,0.14986,False
2022-02-09,72.0,29.11111111111111,185.0,0.15748,False
2022-02-10,71.0,29.5,181.0,0.15494,False
2022-02-11,73.0,28.88888888888889,188.5,0.15239999999999998,False
2022-02-12,78.0,29.444444444444443,177.00000000000003,0.14986,False
2022-02-13,68.0,29.11111111111111,188.5,0.14986,False
2022-02-14,74.0,29.0,197.00000000000003,0.14731999999999998,False
2022-02-15,74.0,29.27777777777778,190.0,0.15494,False
2022-02-16,66.5,29.11111111111111,188.5,0.15748,False
2022-02-17,66.5,28.72222222222222,199.50000000000003,0.15748,False
2022-02-18,66.5,29.11111111111111,196.5,0.15494,False
2022-02-19,66.5,28.72222222222222,201.5,0.15748,False
2022-02-20,66.5,28.22222222222222,204.50000000000003,0.15494,False
2022-02-21,66.5,27.61111111111111,204.0,0.15239999999999998,False
2022-02-22,66.5,26.444444444444443,207.99999999999997,0.127,False
2022-02-23,66.5,27.61111111111111,202.00000000000003,0.13462,False
2022-02-24,66.0,27.555555555555554,157.0,0.15748,False
2022-02-25,69.0,27.444444444444446,160.0,0.15748,False
2022-02-26,63.0,29.055555555555557,176.0,0.15748,False
2022-02-27,74.0,29.27777777777778,177.99999999999997,0.15748,False
2022-02-28,67.0,29.72222222222222,177.00000000000003,0.15748,False
2022-03-01,76.0,29.444444444444443,174.50000000000003,0.15494,False
2022-03-02,98.0,28.388888888888886,200.0,0.13462,False
2022-03-03,123.0,29.555555555555557,176.0,0.14986,False
2022-03-04,98.0,29.555555555555557,185.49999999999997,0.15239999999999998,False
2022-03-05,64.0,29.38888888888889,192.99999999999997,0.14986,False
2022-03-06,65.0,29.88888888888889,186.5,0.15748,False
2022-03-07,84.0,29.333333333333332,189.50000000000003,0.15748,False
2022-03-08,74.0,29.61111111111111,172.5,0.15748,False
2022-03-09,99.0,28.333333333333332,189.0,0.14731999999999998,False
2022-03-10,95.0,27.555555555555554,187.00000000000003,0.14478,False
2022-03-11,96.0,28.88888888888889,185.49999999999997,0.1397,False
2022-03-12,112.0,27.88888888888889,207.99999999999997,0.13716,False
2022-03-13,98.0,30.11111111111111,199.0,0.15494,False
2022-03-14,59.0,29.5,207.00000000000003,0.15494,False
2022-03-15,57.0,29.666666666666668,200.49999999999997,0.15748,False
2022-03-16,66.0,28.944444444444443,196.0,0.15748,False
2022-03-17,77.0,29.5,197.5,0.15494,False
2022-03-18,71.0,29.444444444444443,206.0,0.15239999999999998,False
2022-03-19,101.0,29.88888888888889,202.00000000000003,0.15239999999999998,False
2022-03-20,74.0,29.27777777777778,212.99999999999997,0.14731999999999998,False
2022-03-21,38.0,29.38888888888889,210.49999999999997,0.15748,False
2022-03-22,53.0,28.166666666666668,216.5,0.15239999999999998,False
2022-03-23,50.0,29.61111111111111,214.0,0.15748,False
2022-03-24,46.0,30.055555555555557,210.49999999999997,0.15748,False
2022-03-25,37.0,30.27777777777778,212.99999999999997,0.15748,False
2022-03-26,49.0,30.77777777777778,204.50000000000003,0.15748,False
2022-03-27,47.0,30.27777777777778,207.99999999999997,0.15748,False
2022-03-28,63.0,28.444444444444443,211.0,0.12954,False
2022-03-29,96.0,27.944444444444443,212.5,0.11938,False
2022-03-30,83.0,28.944444444444443,206.0,0.13716,False
2022-03-31,89.0,28.22222222222222,215.0,0.127,False
2022-04-01,62.0,28.111111111111107,217.99999999999997,0.15239999999999998,False
2022-04-02,55.0,28.72222222222222,206.0,0.15748,False
2022-04-03,52.0,28.166666666666668,191.5,0.15494,False
2022-04-04,65.0,27.38888888888889,193.5,0.14986,False
2022-04-05,65.0,27.77777777777778,207.5,0.14223999999999998,False
2022-04-06,108.0,28.944444444444443,206.5,0.14223999999999998,False
2022-04-07,108.0,28.833333333333332,200.0,0.15494,False
2022-04-08,107.0,29.555555555555557,190.49999999999997,0.14986,False
2022-04-09,99.0,29.444444444444443,193.5,0.14986,False
2022-04-10,75.0,29.0,201.0,0.15748,False
2022-04-11,72.0,29.055555555555557,206.5,0.15494,False
2022-04-12,91.0,29.555555555555557,215.0,0.14731999999999998,False
2022-04-13,100.0,30.166666666666668,212.00000000000003,0.15239999999999998,False
2022-04-14,94.0,29.833333333333332,221.5,0.14986,False
2022-04-15,91.0,29.11111111111111,226.5,0.14223999999999998,False
2022-04-16,98.0,27.11111111111111,222.5,0.11938,False
2022-04-17,93.0,29.666666666666668,211.5,0.15494,False
2022-04-18,80.0,29.944444444444443,199.0,0.15748,False
2022-04-19,91.0,29.88888888888889,199.0,0.15494,False
2022-04-20,88.0,29.72222222222222,206.5,0.13208,False
2022-04-21,67.0,30.444444444444443,201.0,0.15748,False
2022-04-22,65.0,30.61111111111111,204.0,0.15748,False
2022-04-23,64.0,30.055555555555557,214.0,0.15748,False
2022-04-24,67.0,30.61111111111111,219.50000000000003,0.15748,False
2022-04-25,50.0,30.72222222222222,221.5,0.15748,False
2022-04-26,48.0,30.27777777777778,220.0,0.15748,False
2022-04-27,91.0,31.72222222222222,225.49999999999997,0.14731999999999998,False
2022-04-28,50.0,30.944444444444443,218.5,0.15494,False
2022-04-29,72.0,25.833333333333332,222.00000000000003,0.11683999999999999,False
2022-04-30,59.0,27.277777777777775,228.5,0.13208,False
2022-05-01,56.0,27.5,227.5,0.13716,False
2022-05-02,48.0,28.055555555555557,222.00000000000003,0.15494,False
2022-05-03,46.0,27.88888888888889,221.5,0.14986,False
2022-05-04,67.0,26.944444444444443,222.5,0.13462,False
2022-05-05,65.0,28.166666666666668,222.99999999999997,0.13716,False
2022-05-06,76.0,29.944444444444443,215.0,0.15239999999999998,False
2022-05-07,62.0,30.11111111111111,203.5,0.15748,False
2022-05-08,56.0,29.27777777777778,216.5,0.15494,False
2022-05-09,56.0,30.333333333333332,217.5,0.15748,False
2022-05-10,67.0,29.72222222222222,221.5,0.15494,False
2022-05-11,64.0,30.22222222222222,222.99999999999997,0.15494,False
2022-05-12,59.0,29.38888888888889,221.5,0.14478,False
2022-05-13,54.0,29.944444444444443,227.5,0.15494,False
2022-05-14,65.0,31.055555555555557,229.50000000000003,0.15748,False
2022-05-15,62.0,30.38888888888889,231.0,0.14986,False
2022-05-16,73.0,28.61111111111111,225.49999999999997,0.1397,False
2022-05-17,79.0,28.88888888888889,221.0,0.15239999999999998,False
2022-05-18,60.0,27.22222222222222,232.00000000000003,0.13716,False
2022-05-19,74.0,27.61111111111111,229.0,0.1397,False
2022-05-20,108.0,30.22222222222222,221.5,0.14478,False
2022-05-21,58.0,28.000000000000004,223.5,0.14986,False
2022-05-22,49.0,27.16666666666667,220.0,0.14731999999999998,False
2022-05-23,54.0,28.166666666666668,220.0,0.15748,False
2022-05-24,59.0,30.22222222222222,224.0,0.15494,False
2022-05-25,68.0,30.333333333333332,225.49999999999997,0.15494,False
2022-05-26,55.0,28.22222222222222,223.5,0.1397,False
2022-05-27,60.0,27.11111111111111,221.0,0.13462,False
2022-05-28,52.0,27.277777777777775,217.99999999999997,0.14223999999999998,False
2022-05-29,56.0,27.88888888888889,227.00000000000003,0.15494,False
2022-05-30,63.0,27.38888888888889,224.50000000000003,0.14731999999999998,False
2022-05-31,74.0,30.27777777777778,229.0,0.15239999999999998,False
2022-06-01,65.0,29.333333333333332,229.50000000000003,0.15748,False
2022-06-02,65.0,26.5,225.0,0.12191999999999999,False
2022-06-03,67.0,27.61111111111111,224.50000000000003,0.14223999999999998,False
2022-06-04,67.0,27.5,215.0,0.14986,False
2022-06-05,62.0,29.166666666666668,215.0,0.15748,False
2022-06-06,55.0,29.666666666666668,229.0,0.15748,False
2022-06-07,64.0,30.333333333333332,217.99999999999997,0.15748,False
2022-06-08,71.0,31.11111111111111,216.5,0.15748,False
2022-06-09,66.0,30.444444444444443,212.00000000000003,0.14478,False
2022-06-10,76.0,29.88888888888889,221.0,0.14986,False
2022-06-11,96.0,30.22222222222222,217.99999999999997,0.15239999999999998,False
2022-06-12,75.0,27.055555555555557,216.5,0.12446,False
2022-06-13,88.0,29.27777777777778,226.0,0.15239999999999998,False
2022-06-14,49.0,30.333333333333332,221.5,0.15748,False
2022-06-15,53.0,28.666666666666668,219.50000000000003,0.14986,False
2022-06-16,81.0,30.166666666666668,220.0,0.13716,False
2022-06-17,88.0,29.27777777777778,226.0,0.1397,False
2022-06-18,67.0,28.72222222222222,220.49999999999997,0.14478,False
2022-06-19,59.0,27.555555555555554,219.50000000000003,0.1397,False
2022-06-20,65.0,28.444444444444443,221.0,0.14478,False
2022-06-21,51.0,28.000000000000004,217.00000000000003,0.14223999999999998,False
2022-06-22,67.0,27.444444444444446,224.0,0.13462,False
2022-06-23,75.0,26.944444444444443,221.5,0.11683999999999999,False
2022-06-24,77.0,27.277777777777775,227.5,0.1397,False
2022-06-25,53.0,29.055555555555557,222.99999999999997,0.15748,False
2022-06-26,44.0,29.444444444444443,221.0,0.15494,False
2022-06-27,62.0,29.166666666666668,229.50000000000003,0.14731999999999998,False
2022-06-28,65.0,28.111111111111107,222.5,0.15239999999999998,False
2022-06-29,66.89285714285714,29.833333333333332,222.5,0.14986,False
2022-06-30,66.89285714285714,28.277777777777782,226.5,0.15239999999999998,False
2022-07-01,67.25,27.944444444444443,225.0,0.15494,False
2022-07-02,67.25,27.88888888888889,224.0,0.15239999999999998,False
2022-07-03,67.25,27.555555555555554,227.5,0.15494,False
2022-07-04,67.25,28.72222222222222,227.99999999999997,0.15748,False
2022-07-05,67.25,29.055555555555557,229.0,0.15748,False
2022-07-06,67.25,29.11111111111111,229.0,0.15494,False
2022-07-07,67.25,29.333333333333332,233.5,0.15239999999999998,False
2022-07-08,67.25,27.444444444444446,227.99999999999997,0.13462,False
2022-07-09,67.25,26.888888888888893,222.00000000000003,0.12446,False
2022-07-10,67.25,26.666666666666668,217.5,0.1397,False
2022-07-11,67.25,27.055555555555557,221.0,0.14986,False
2022-07-12,51.0,26.444444444444443,224.0,0.1397,False
2022-07-13,60.0,27.444444444444446,223.5,0.14478,False
2022-07-14,70.0,27.722222222222225,221.0,0.15239999999999998,False
2022-07-15,62.0,27.555555555555554,227.5,0.14986,False
2022-07-16,60.0,28.22222222222222,227.5,0.15239999999999998,False
2022-07-17,57.0,28.22222222222222,227.99999999999997,0.15748,False
2022-07-18,60.0,28.666666666666668,224.50000000000003,0.15494,False
2022-07-19,60.0,27.22222222222222,222.5,0.14986,False
2022-07-20,64.0,25.777777777777782,222.5,0.12446,False
2022-07-21,76.0,25.555555555555557,222.5,0.11176,False
2022-07-22,95.0,29.0,217.5,0.14731999999999998,False
2022-07-23,77.0,27.61111111111111,222.99999999999997,0.127,False
2022-07-24,67.0,29.5,224.0,0.15239999999999998,False
2022-07-25,60.0,29.77777777777778,228.5,0.15748,False
2022-07-26,71.0,27.944444444444443,223.5,0.14223999999999998,False
2022-07-27,83.0,28.444444444444443,223.5,0.13462,False
2022-07-28,79.0,28.22222222222222,222.99999999999997,0.13462,False
2022-07-29,67.0,29.666666666666668,227.5,0.14478,False
2022-07-30,68.0,29.666666666666668,231.5,0.15748,False
2022-07-31,58.0,28.77777777777778,226.5,0.15748,False
2022-08-01,62.0,27.83333333333333,232.00000000000003,0.14478,False
2022-08-02,66.0,28.333333333333332,227.5,0.14986,False
2022-08-03,58.0,27.88888888888889,228.5,0.13716,False
2022-08-04,73.0,27.277777777777775,227.5,0.1397,False
2022-08-05,57.0,28.055555555555557,227.99999999999997,0.1397,False
2022-08-06,65.0,27.16666666666667,224.0,0.14731999999999998,False
2022-08-07,50.0,26.833333333333332,217.99999999999997,0.15239999999999998,False
2022-08-08,65.0,26.5,217.00000000000003,0.14731999999999998,False
2022-08-09,73.0,27.77777777777778,216.0,0.15494,False
2022-08-10,56.0,28.666666666666668,219.50000000000003,0.15748,False
2022-08-11,55.0,25.944444444444443,209.50000000000003,0.15239999999999998,False
2022-08-12,87.0,28.444444444444443,223.5,0.14731999999999998,False
2022-08-13,80.0,29.72222222222222,210.0,0.14986,False
2022-08-14,84.0,29.72222222222222,219.50000000000003,0.15748,False
2022-08-15,68.0,26.77777777777778,227.00000000000003,0.11176,False
2022-08-16,84.0,26.999999999999996,231.0,0.13462,False
2022-08-17,61.0,27.944444444444443,223.5,0.15239999999999998,False
2022-08-18,63.0,29.11111111111111,222.99999999999997,0.14731999999999998,False
2022-08-19,63.0,28.666666666666668,219.0,0.15748,False
2022-08-20,69.0,28.61111111111111,224.0,0.15494,False
2022-08-21,60.0,28.111111111111107,217.5,0.15748,False
2022-08-22,55.0,29.055555555555557,221.5,0.15239999999999998,False
2022-08-23,67.0,29.0,221.0,0.14986,False
2022-08-24,76.0,28.333333333333332,214.0,0.15494,False
2022-08-25,49.0,27.61111111111111,215.0,0.15239999999999998,False
2022-08-26,64.0,26.333333333333336,212.00000000000003,0.13208,False
2022-08-27,80.0,28.61111111111111,215.0,0.14986,False
2022-08-28,98.0,28.111111111111107,218.5,0.13716,False
2022-08-29,53.0,29.61111111111111,223.5,0.15494,False
2022-08-30,56.0,28.555555555555557,221.0,0.14478,False
2022-08-31,74.0,28.111111111111107,219.50000000000003,0.14478,False
2022-09-01,87.0,29.555555555555557,219.50000000000003,0.14986,False
2022-09-02,57.0,27.333333333333332,223.5,0.13462,False
2022-09-03,49.0,28.77777777777778,222.5,0.15748,False
2022-09-04,42.0,27.666666666666668,219.50000000000003,0.15494,False
2022-09-05,42.0,28.333333333333332,222.5,0.15748,False
2022-09-06,49.0,27.333333333333332,220.0,0.1397,False
2022-09-07,62.0,26.27777777777778,217.99999999999997,0.14223999999999998,False
2022-09-08,39.0,27.38888888888889,212.99999999999997,0.15748,False
2022-09-09,57.0,29.555555555555557,224.0,0.15239999999999998,False
2022-09-10,60.0,29.5,222.5,0.14986,False
2022-09-11,42.0,28.444444444444443,222.00000000000003,0.14986,False
2022-09-12,46.0,27.055555555555557,219.50000000000003,0.14478,False
2022-09-13,67.0,28.77777777777778,226.0,0.14986,False
2022-09-14,49.0,27.88888888888889,219.50000000000003,0.15748,False
2022-09-15,49.0,28.5,219.50000000000003,0.15748,False
2022-09-16,61.0,28.166666666666668,225.49999999999997,0.14731999999999998,False
2022-09-17,85.0,28.61111111111111,226.0,0.14986,False
2022-09-18,54.851851851851855,27.83333333333333,220.0,0.15494,False
2022-09-19,54.851851851851855,27.5,224.0,0.13208,False
2022-09-20,54.851851851851855,27.77777777777778,222.00000000000003,0.14986,False
2022-09-21,52.0,28.61111111111111,222.99999999999997,0.15494,False
2022-09-22,50.0,27.83333333333333,221.5,0.15748,False
2022-09-23,59.0,28.166666666666668,224.0,0.1397,False
2022-09-24,70.0,27.77777777777778,225.0,0.15494,False
2022-09-25,51.0,26.833333333333332,222.00000000000003,0.13462,False
2022-09-26,59.0,25.777777777777782,217.00000000000003,0.14478,False
2022-09-27,62.0,26.5,222.5,0.13462,False
2022-09-28,50.0,26.555555555555557,219.50000000000003,0.14731999999999998,False
2022-09-29,39.0,26.27777777777778,224.0,0.14223999999999998,False
2022-09-30,46.0,27.666666666666668,229.0,0.15494,False
2022-10-01,51.0,27.333333333333332,225.0,0.13208,False
2022-10-02,70.0,27.5,226.0,0.15239999999999998,False
2022-10-03,57.0,28.444444444444443,226.5,0.15239999999999998,False
2022-10-04,72.0,28.444444444444443,222.5,0.14986,False
2022-10-05,54.0,28.555555555555557,224.0,0.15239999999999998,False
2022-10-06,62.0,27.277777777777775,226.5,0.14986,False
2022-10-07,77.5625,28.333333333333332,226.5,0.14731999999999998,False
2022-10-08,77.5625,25.611111111111107,224.0,0.12191999999999999,False
2022-10-09,77.5625,27.38888888888889,231.0,0.12446,False
2022-10-10,77.5625,26.999999999999996,220.49999999999997,0.127,False
2022-10-11,77.5625,27.055555555555557,224.0,0.127,False
2022-10-12,70.0,28.77777777777778,222.99999999999997,0.13208,False
2022-10-13,83.0,28.833333333333332,214.50000000000003,0.14986,False
2022-10-14,81.0,26.888888888888893,206.5,0.14731999999999998,False
2022-10-15,90.0,25.944444444444443,200.0,0.15494,False
2022-10-16,77.5625,27.88888888888889,209.50000000000003,0.15494,False
2022-10-17,77.5625,29.166666666666668,219.0,0.15239999999999998,False
2022-10-18,77.5625,28.277777777777782,224.50000000000003,0.14223999999999998,False
2022-10-19,77.5625,25.666666666666668,224.50000000000003,0.11938,False
2022-10-20,77.5625,26.833333333333332,225.49999999999997,0.15239999999999998,False
2022-10-21,77.5625,28.88888888888889,226.0,0.14986,False
2022-10-22,77.5625,28.88888888888889,226.0,0.14731999999999998,False
2022-10-23,77.5625,27.77777777777778,227.5,0.14731999999999998,False
2022-10-24,77.5625,28.166666666666668,223.5,0.13462,False
2022-10-25,77.5625,27.722222222222225,230.0,0.13208,False
2022-10-26,62.0,28.77777777777778,232.99999999999997,0.15239999999999998,False
2022-10-27,78.0,26.666666666666668,228.5,0.12446,False
2022-10-28,88.0,27.38888888888889,223.5,0.13208,False
2022-10-29,73.0,27.944444444444443,212.5,0.15494,False
2022-10-30,63.0,28.388888888888886,202.99999999999997,0.14986,False
2022-10-31,187.0,28.944444444444443,205.0,0.15494,False
2022-11-01,85.5,27.944444444444443,220.0,0.14223999999999998,False
2022-11-02,85.5,27.555555555555554,217.99999999999997,0.1397,False
2022-11-03,95.0,25.555555555555557,216.0,0.12191999999999999,False
2022-11-04,84.0,26.38888888888889,219.50000000000003,0.127,False
2022-11-05,87.0,27.666666666666668,214.50000000000003,0.13716,False
2022-11-06,78.0,27.77777777777778,220.49999999999997,0.13208,False
2022-11-07,93.0,27.83333333333333,231.5,0.14223999999999998,False
2022-11-08,92.0,28.555555555555557,226.0,0.14223999999999998,False
2022-11-09,85.5,29.11111111111111,227.5,0.12954,False
2022-11-10,85.5,28.72222222222222,232.5,0.10922,False
2022-11-11,85.5,29.38888888888889,230.49999999999997,0.14731999999999998,False
2022-11-12,85.5,27.61111111111111,228.5,0.11683999999999999,False
2022-11-13,85.5,27.77777777777778,230.0,0.14478,False
2022-11-14,85.0,28.333333333333332,227.5,0.13716,False
2022-11-15,85.5,28.333333333333332,227.5,0.14986,False
2022-11-16,94.0,28.055555555555557,224.0,0.13716,False
2022-11-17,78.0,28.61111111111111,227.5,0.13462,False
2022-11-18,99.0,28.277777777777782,231.5,0.127,False
2022-11-19,72.0,26.055555555555557,221.5,0.15239999999999998,False
2022-11-20,69.0,25.555555555555557,224.0,0.14223999999999998,False
2022-11-21,85.5,26.611111111111114,227.99999999999997,0.14223999999999998,False
2022-11-22,85.5,26.0,228.5,0.1143,False
2022-11-23,85.5,26.27777777777778,230.0,0.13716,False
2022-11-24,85.5,26.944444444444443,232.00000000000003,0.15239999999999998,False
2022-11-25,85.5,28.111111111111107,229.50000000000003,0.15748,False
2022-11-26,85.5,28.000000000000004,227.00000000000003,0.14223999999999998,False
2022-11-27,85.5,28.72222222222222,230.49999999999997,0.15748,False
2022-11-28,85.5,28.88888888888889,227.5,0.15748,False
2022-11-29,85.5,28.666666666666668,215.49999999999997,0.15748,False
2022-11-30,85.5,29.166666666666668,222.99999999999997,0.14223999999999998,False
2022-12-01,80.0,29.22222222222222,215.49999999999997,0.14478,False
2022-12-02,68.0,27.83333333333333,212.00000000000003,0.14986,False
2022-12-03,93.26923076923077,26.38888888888889,214.0,0.14478,False
2022-12-04,93.26923076923077,28.055555555555557,215.0,0.15748,False
2022-12-05,93.26923076923077,28.61111111111111,223.5,0.14986,False
2022-12-06,93.26923076923077,28.277777777777782,220.49999999999997,0.14731999999999998,False
2022-12-07,93.26923076923077,26.944444444444443,222.99999999999997,0.13716,False
2022-12-08,70.0,28.944444444444443,219.50000000000003,0.14731999999999998,False
2022-12-09,83.0,27.88888888888889,212.5,0.14986,False
2022-12-10,107.0,27.5,219.0,0.14731999999999998,False
2022-12-11,80.0,27.61111111111111,209.0,0.14986,False
2022-12-12,79.0,27.11111111111111,195.0,0.14478,False
2022-12-13,93.0,26.888888888888893,177.99999999999997,0.14986,False
2022-12-14,129.0,26.555555555555557,199.50000000000003,0.12954,False
2022-12-15,109.0,28.000000000000004,209.0,0.15494,False
2022-12-16,90.0,28.833333333333332,219.50000000000003,0.14731999999999998,False
2022-12-17,84.0,28.055555555555557,199.0,0.15748,False
2022-12-18,35.0,26.38888888888889,162.00000000000003,0.15748,False
2022-12-19,50.0,26.5,174.0,0.15239999999999998,False
2022-12-20,91.0,27.5,198.5,0.14986,False
2022-12-21,119.0,27.88888888888889,212.00000000000003,0.1397,False
2022-12-22,91.0,26.999999999999996,194.50000000000003,0.15239999999999998,False
2022-12-23,82.0,25.444444444444443,149.5,0.15748,False
2022-12-24,102.0,24.944444444444446,151.5,0.15748,False
2022-12-25,95.0,25.11111111111111,162.5,0.15239999999999998,False
2022-12-26,94.0,25.777777777777782,177.99999999999997,0.14731999999999998,False
2022-12-27,136.0,25.222222222222225,186.5,0.13208,False
2022-12-28,136.0,27.11111111111111,186.5,0.1397,False
2022-12-29,114.0,27.83333333333333,200.0,0.13208,False
2022-12-30,111.0,26.77777777777778,193.5,0.14731999999999998,False
2022-12-31,97.0,25.944444444444443,164.0,0.14731999999999998,False
